               epoch,      train/box_loss,      train/obj_loss,      train/cls_loss,   metrics/precision,      metrics/recall,     metrics/mAP_0.5,metrics/mAP_0.5:0.95,        val/box_loss,        val/obj_loss,        val/cls_loss,               x/lr0,               x/lr1,               x/lr2
                   0,             0.11238,            0.026101,                   0,           0.0070269,            0.071429,            0.001539,          0.00023255,            0.068081,            0.023174,                   0,               5e-05,               5e-05,             0.09955
                   1,             0.11789,            0.024716,                   0,            0.012657,             0.21429,           0.0046519,          0.00073919,            0.066807,            0.020847,                   0,          0.00010758,          0.00010758,            0.099008
                   2,             0.12039,            0.022164,                   0,             0.01052,             0.14286,           0.0068504,           0.0010596,            0.064378,            0.018695,                   0,          0.00015539,          0.00015539,            0.098455
                   3,             0.10076,            0.022364,                   0,            0.020775,             0.14286,           0.0072208,           0.0012192,            0.062548,            0.017354,                   0,          0.00018734,          0.00018734,            0.097887
                   4,             0.10011,            0.020875,                   0,            0.027006,             0.14286,            0.011522,           0.0020416,            0.061511,            0.016365,                   0,          0.00019983,          0.00019983,              0.0973
                   5,            0.094475,            0.020182,                   0,            0.024016,             0.21429,            0.011096,           0.0022506,             0.05944,            0.015569,                   0,           0.0001925,           0.0001925,            0.096693
                   6,            0.092048,            0.018005,                   0,            0.040092,             0.21429,            0.015785,           0.0021888,            0.057527,            0.014926,                   0,          0.00016849,          0.00016849,            0.096068
